,0,1,2,3,4,5,6,7,8,9,10,11,12,13,14,15,16,17,18,19,20,21,22,23,24,25,26,27,28,29,30,31,32,33,34,35,36,37,38,39,40,41,42,43,44,45,46,47,48,49,50,51,52,53,54,55,56,57,58,59,60,61,62,63,64,65,66,67,68,69,70,71,72,73,74,75,76,77,78,cluster
0,US,392.8326957144892,662.1474984546369,527.8927331986766,98.5909937092352,189.6741807761142,462.36895803049487,327.75069197415763,95.34497479926276,354.9836955450865,-0.23252645877332087,1503.3183597998695,-0.44659560582988905,0.0482923645855993,430.6672854503938,670.8574747503316,561.037017062057,80.7502324184026,177.5839697693977,367.2770363369077,271.990212385178,63.221726699998996,443.32571423096164,-0.10605525990753939,3039.6214775323688,0.12022630834512023,-0.37547600913937546,474.91301993561973,636.8840791972578,559.9406844167584,55.844250871787736,254.64798333461812,394.71141300038937,324.6625549265189,46.443087896016735,400.6241987131546,0.34634650861950533,4501.3594424161965,-0.25478482132979313,-0.26275030423719437,510.92975970173296,619.7543081022615,566.9767332807196,37.29790941283861,296.29507063510556,398.0858431659715,346.2218366414345,33.75053258561059,388.22419489324665,0.34972917803848513,5582.523736171404,-0.26340848620641366,-0.15614059655510432,0.0,0.0,0.0,0.0,0.0,0.0,0.0,0.0,0.0,0.0,0.0,0.0,0.0,0.0,0.0,0.0,0.0,0.0,0.0,0.0,0.0,0.0,0.0,0.0,0.0,0.0,4
1,RU,468.1923396281707,691.7115529704298,578.0118387180862,82.48744497397604,229.67037655757025,464.0452783046625,352.4389798503361,82.21266068083479,367.0963087232404,0.9647926316287385,1271.9551282051282,-0.5769230769230769,0.3803418803418803,491.8275980338072,750.7115423414442,638.205042769333,85.67257579767345,194.54365633288,379.2550623967097,287.6953134636197,64.39111061901086,471.8140655287826,-2.2867166821307974,2872.809829059829,0.47435897435897434,-0.4230769230769231,536.547479445725,725.641592740502,638.2859901590125,61.58618821595663,216.6733879808185,348.2059381717788,285.1644456932343,42.680635060749225,506.1491208939399,-0.2803165904193031,4354.400428265525,0.07494646680942184,-0.20342612419700215,587.8747719783408,710.2355736377192,654.2225781894998,40.896075152065066,267.725071402157,366.5562625211828,316.34230002267344,32.851878634550346,490.10087277218685,0.23948309195437573,5412.296568627451,-0.00980392156862745,0.04411764705882353,0.0,0.0,0.0,0.0,0.0,0.0,0.0,0.0,0.0,0.0,0.0,0.0,0.0,0.0,0.0,0.0,0.0,0.0,0.0,0.0,0.0,0.0,0.0,0.0,0.0,0.0,0
2,AU,438.52816876232396,703.4608129596345,572.0023495623327,97.48743033124462,206.30466555692684,473.2809280551028,342.52522044216323,93.55979549125456,366.3558679731058,-2.697807646453622,1432.955938697318,-0.5747126436781609,0.14942528735632185,467.98905037554744,722.3133943199655,607.2282455326906,85.52303614894636,188.40503946449107,373.7060119609038,280.56936879821154,62.29087282164214,463.27278295582425,0.6652335171052223,2935.894636015326,0.11494252873563218,-0.48659003831417624,519.6919177360977,684.7567368290139,606.9232992737758,56.29359977472771,252.97154966618103,387.584299620169,319.449259062438,44.7404444759208,435.72572783316195,0.13077297280159836,4397.650579150579,-0.22393822393822393,-0.25868725868725867,567.4307811360964,674.339216312892,622.7931349206443,36.481424999805554,296.0276538448434,394.31697766056084,344.2073210680046,32.5693376368119,440.2089675387664,0.1962762876164149,5455.431924882629,-0.3380281690140845,-0.06103286384976526,0.0,0.0,0.0,0.0,0.0,0.0,0.0,0.0,0.0,0.0,0.0,0.0,0.0,0.0,0.0,0.0,0.0,0.0,0.0,0.0,0.0,0.0,0.0,0.0,0.0,0.0,0
3,KR,300.1794172753228,508.1223373413086,403.841234750885,69.80705883472642,145.30526970757379,320.51218956841365,242.05584180866828,60.1705060820956,362.804374399008,-2.7000803762610213,779.4088888888889,-0.6177777777777778,0.49333333333333335,351.89497250027125,572.0705865817599,473.71265911930277,77.45004600046074,175.02608725653755,340.475451965332,264.86660457200077,57.157557823012354,379.0113966311582,0.43297852997962855,2001.648888888889,0.23555555555555555,0.27111111111111114,373.4133390188217,533.4224234649113,459.83762490643875,56.67047381484037,236.46229730333602,345.34071619170055,296.2219966546673,36.79939384023747,351.80564257781265,-0.11969804424377042,3214.808035714286,-0.14285714285714285,0.14285714285714285,397.2757120517337,511.5801193511005,459.38832909961576,41.36039021352498,249.51382843154428,354.722522752702,308.20657642080636,35.65118689554507,335.4781164557364,0.5798597240143469,4278.605381165919,-0.02242152466367713,0.21973094170403587,414.26418895822354,508.3495221011853,463.4327847786922,32.38456182233804,257.9790345852968,340.60509301241115,298.0070754969654,27.72868027868034,323.5385994856466,1.0450431909520732,5095.111111111111,-0.14285714285714285,-0.13227513227513227,0.0,0.0,0.0,0.0,0.0,0.0,0.0,0.0,0.0,0.0,0.0,0.0,0.0,5
4,CA,379.2941359548528,632.5508838604588,506.601770454533,92.09912912806121,195.10744793030742,455.7592850819804,327.9190010558752,90.60862235926815,331.11676946823457,0.5930463121413684,1442.015691868759,-0.38373751783166904,0.04992867332382311,419.50041739100567,644.936916095554,543.197850929716,76.02532057251855,190.33367465532115,372.9640946871204,282.6004656273917,61.59511791488862,405.96829988429147,1.2983954746871316,2934.074179743224,0.0898716119828816,-0.3209700427960057,459.4639226490208,617.3759816964009,544.1884370032757,54.09551226721056,256.4956701866831,392.72407244811484,325.77028674278614,45.088666513371756,396.8103120536357,0.08110547020481773,4397.384726224784,-0.1729106628242075,-0.20461095100864554,492.65760108921353,615.7822257969207,557.5569256977082,41.63295366293759,279.6342139128583,387.03072322858657,332.2186168145484,35.71271771180701,391.16315911769766,0.3792458838145568,5477.017301038062,-0.17993079584775087,-0.20761245674740483,0.0,0.0,0.0,0.0,0.0,0.0,0.0,0.0,0.0,0.0,0.0,0.0,0.0,0.0,0.0,0.0,0.0,0.0,0.0,0.0,0.0,0.0,0.0,0.0,0.0,0.0,0
5,KW,238.54058456420898,470.36313550225617,355.8113041374485,86.2269202692773,172.42117283262056,432.9456197804418,298.3699822586211,93.3732596904961,323.5127103693213,2.354421439036178,1441.2068965517242,-0.4482758620689655,-0.2413793103448276,261.0994812537884,488.1151712351832,386.90234988489743,77.92564340323831,135.78530949559706,325.62634487809805,236.45726758416737,62.66678514699624,348.02334447038953,0.19095472747615574,2826.0,-0.10344827586206896,-0.6551724137931034,313.81813733331086,450.6274466679014,381.7089765455244,45.06792039864389,215.4792760651687,320.5432076289736,266.7620694755387,34.27398678681441,284.848790402375,-0.22914073955547565,4383.206896551724,-0.3793103448275862,-0.3103448275862069,300.88759132667826,396.9970369692202,350.05648023100326,33.71424559768821,231.57044403641314,330.46688786259404,285.199806316468,33.319804800953385,251.14768794363064,2.465923171745631,5271.814814814815,-0.48148148148148145,-0.1111111111111111,295.6559996171431,419.54363666881216,360.88878391417694,40.32910083239893,259.75490812821823,340.68127406727183,296.04081592995107,26.40977951206645,249.0051580749034,1.4349466431330464,6494.681818181818,-0.09090909090909091,-0.45454545454545453,0.0,0.0,0.0,0.0,0.0,0.0,0.0,0.0,0.0,0.0,0.0,0.0,0.0,1
6,RS,411.3718025370648,611.7197247555381,510.69185928661176,73.9708943914635,207.1335388986688,458.9016588110673,337.66787598439447,85.83462753597931,347.12927161173667,-8.524560732313764,1457.7894736842106,-0.4473684210526316,0.3684210526315789,431.32765840229234,670.7650256909823,572.7819967978085,77.86230816317207,186.18172397111593,370.71913177088686,277.24531534621,65.16851825479145,427.39702874558753,-5.221495404957179,3055.1315789473683,0.39473684210526316,-0.42105263157894735,471.69493278297216,662.8179589348871,577.2062420710348,62.05141553552409,170.28412195154138,320.0235536936167,247.44025031096925,47.83472621860188,472.30256233791914,0.6461942292231295,4587.418918918919,0.10810810810810811,-0.32432432432432434,496.6091733186141,579.7947109056556,536.9173246331145,29.381293628571935,280.36156552079797,366.53991267992103,324.1751548306939,29.104587182791853,354.8424730990327,-0.2207492921216196,5735.724637681159,-0.2753623188405797,-0.18840579710144928,0.0,0.0,0.0,0.0,0.0,0.0,0.0,0.0,0.0,0.0,0.0,0.0,0.0,0.0,0.0,0.0,0.0,0.0,0.0,0.0,0.0,0.0,0.0,0.0,0.0,0.0,4
7,CH,488.8574917921379,685.8999697557136,587.3010061508378,74.27422557216808,233.3149105470572,489.84732818603516,363.59172498272954,88.47959868439779,373.7630233640521,-2.4534973614881093,1274.4328358208954,-0.582089552238806,0.2835820895522388,515.8874625590311,756.0168798645931,648.6985095400825,77.04430371492519,214.01594110745103,385.1196269704335,298.55305211079207,58.40082160814529,479.2604211638715,2.890138285293746,2677.402985074627,0.5223880597014925,-0.5522388059701493,547.5008353617654,714.9435661657533,635.3777398459022,55.24690590873734,249.59952271874272,383.2739990006632,317.48013916367876,43.02345063315006,499.7793452041351,-3.9537280505190937,3949.7611940298507,-0.04477611940298507,-0.22388059701492538,596.8743064634261,758.7014007568359,680.5244882503536,53.665211547035994,289.30078974077776,396.3990487129457,346.0289357429174,34.994863046506616,498.7456992756267,-0.8535955729915848,5233.274193548387,-0.03225806451612903,-0.2903225806451613,0.0,0.0,0.0,0.0,0.0,0.0,0.0,0.0,0.0,0.0,0.0,0.0,0.0,0.0,0.0,0.0,0.0,0.0,0.0,0.0,0.0,0.0,0.0,0.0,0.0,0.0,0
8,IN,284.17199184513896,417.82531116389424,350.5810632663412,45.73808559823088,161.54896327427454,321.6814263608275,248.49410526830818,54.9146659709101,317.89754557525833,-0.2338779783986071,890.8403361344538,-0.44537815126050423,0.36134453781512604,326.0306720893924,485.7473365719579,417.8382792130224,53.56317909237403,170.102299281529,316.5090979568097,249.5666046986605,50.02355900901151,315.88971574478546,0.6513188031852285,2160.72268907563,0.29411764705882354,0.226890756302521,322.3563135438046,475.3653980190471,403.4824536695773,52.93634120357882,201.20408184245483,321.92455608561886,265.91542409742704,41.11114171347669,300.02219731925067,-0.5827337867941738,3433.262711864407,0.05084745762711865,-0.01694915254237288,353.6372671456173,474.1957847989839,420.0987421547389,41.8435732253729,234.77623906628838,348.06577228677685,301.1542204951579,37.04963169561467,317.36685164383135,-0.8051932658273762,4702.0948275862065,-0.06896551724137931,0.10344827586206896,365.5593881236697,461.1168828427213,415.5108722462089,31.544623914716468,242.03593733704207,328.06979229380784,285.12014390752313,28.839202020996932,293.2366917983506,0.8893648740078876,5622.300970873786,-0.08737864077669903,-0.08737864077669903,0.0,0.0,0.0,0.0,0.0,0.0,0.0,0.0,0.0,0.0,0.0,0.0,0.0,5
9,GB,378.87688421701677,645.6640509148281,512.9387309476368,98.48180777584989,187.8991328703484,467.7567622493885,328.29745172885265,97.53506354395647,341.88636359219146,-1.0498262362308388,1608.4742567077592,-0.4416243654822335,0.019579405366207395,418.80221334516875,661.4205233412778,552.4454639460001,81.20288482704737,177.34018842823008,361.1291918128707,268.6249961280942,61.58296064191662,439.2211875709671,0.5757367834127978,3182.5061638868747,0.20087019579405366,-0.39231327048585934,461.49235848901225,617.4414669017417,542.8507913525527,52.90061831118449,234.876596404268,361.0817693167156,297.627878508544,41.750815451840815,410.53144736580725,0.1997368716323672,4704.735615440641,-0.2046613255644574,-0.21631463947560087,509.4508540437472,607.5194715345583,559.366336691751,33.46322104515774,288.86941186573335,381.6319942146078,335.23610071217047,31.00830463949351,393.9382775860497,0.40606940624967297,5798.517211703958,-0.3373493975903614,0.020654044750430294,0.0,0.0,0.0,0.0,0.0,0.0,0.0,0.0,0.0,0.0,0.0,0.0,0.0,0.0,0.0,0.0,0.0,0.0,0.0,0.0,0.0,0.0,0.0,0.0,0.0,0.0,4
10,BG,449.74883328062117,566.3728791439172,505.0294524170306,42.22284517470744,253.37747885964134,487.5820706685384,378.15089083673223,80.93438107727636,334.9030547631904,-6.877174398272186,1033.0757575757575,-0.48484848484848486,0.3939393939393939,524.5380150188099,718.526105707342,642.3488283278382,66.20858812486449,258.84062946203983,446.7602678934733,350.5114584463993,67.05941286051356,448.8331825665077,10.52510168769262,2567.287878787879,0.42424242424242425,-0.21212121212121213,491.3399696928082,706.2636663263494,608.6338608826441,68.10783494698805,221.55425227772105,359.7352365435976,296.7571926698675,45.10634902191893,457.30416704909413,0.029705985103754474,4172.969696969697,0.2727272727272727,-0.30303030303030304,517.73398474491,665.1062272967714,595.7667785040132,48.60234258309664,259.2358887412331,352.9291008457993,307.4382653116038,30.501201158520804,458.3264505171804,-0.6630083592429801,5554.333333333333,0.0,-0.06060606060606061,502.3746167500814,679.029133605957,595.133674888331,57.62019076009786,228.53986015319825,337.8936761220296,284.74015130998947,35.13888338125831,479.46215368312727,-0.4168161479977192,6722.266666666666,0.0,-0.1,0.0,0.0,0.0,0.0,0.0,0.0,0.0,0.0,0.0,0.0,0.0,0.0,0.0,1
11,BR,448.9725296257078,671.2325165425776,559.7956930355717,82.37489940532747,218.9887106646555,432.8650518806714,326.00492200869894,74.51662857641311,332.74594132235666,1.21911176098993,1624.860465116279,-0.3953488372093023,-0.12661498708010335,485.03364347117815,696.1530592768075,603.6792810408651,70.05760521723393,203.78074435054177,357.60818369074383,279.77261108377104,52.143539769356686,446.08698394391575,0.7409428077092107,3303.937984496124,0.2454780361757106,-0.5142118863049095,507.3010706404845,671.9072343905767,597.5440034834611,54.87972091828478,239.33869283397993,357.2731955250104,299.4742526807151,38.32602102773649,447.15868306261126,0.5924759803740678,4941.078125,-0.057291666666666664,-0.4322916666666667,547.433524950051,674.7485345440147,616.9389535948908,42.74746675544701,263.99220777440956,363.53492096324027,311.13300900590923,32.66748049348115,450.23654814132215,-3.595611529601166,6273.305555555556,-0.043209876543209874,-0.30246913580246915,0.0,0.0,0.0,0.0,0.0,0.0,0.0,0.0,0.0,0.0,0.0,0.0,0.0,0.0,0.0,0.0,0.0,0.0,0.0,0.0,0.0,0.0,0.0,0.0,0.0,0.0,4
12,FI,327.9999794460221,532.1960783788232,431.06859730522126,74.77558231443297,193.50207787532645,406.474172186919,301.921238739002,74.82078968129035,312.9155461056746,-0.4930568679102579,1360.3682719546741,-0.42209631728045327,-0.042492917847025496,358.58942813002017,564.6845287722839,471.2740452718707,67.7511805823957,164.07902124853376,329.7153985128862,247.59227421970286,55.28227249521109,375.6383619274774,0.0997627280915627,2869.458923512748,0.18413597733711048,-0.32011331444759206,386.4988597405193,544.3425428698488,470.42467571183346,54.357944561397396,223.98483998241912,348.1945642141715,288.91435975407757,40.88955854775262,351.19977860630274,-3.5239551282355386,4321.0169971671385,-0.1954674220963173,-0.21246458923512748,432.5366002429615,534.5457831296054,485.2499555525217,34.707889922789946,264.6163665474235,350.34629722694297,307.40001900827724,28.470797863881558,341.31177899057474,-1.1341591663065151,5442.457792207792,-0.19480519480519481,-0.09740259740259741,0.0,0.0,0.0,0.0,0.0,0.0,0.0,0.0,0.0,0.0,0.0,0.0,0.0,0.0,0.0,0.0,0.0,0.0,0.0,0.0,0.0,0.0,0.0,0.0,0.0,0.0,0
13,DE,430.0452249795923,663.4665940097703,545.9845276004454,86.01751078145861,219.78053062352407,469.60177883104916,346.1967920488126,86.7670492566492,323.2122235958094,-7.865306546021146,1560.6239870340357,-0.39708265802269044,-0.04700162074554295,459.7199763664357,683.6615351548651,585.8214831346108,73.54246303804392,186.28216245765626,352.1043663704994,267.09389748595754,55.16537556609255,446.19211352527407,0.4782620681994581,3005.3970826580226,0.3679092382495948,-0.5526742301458671,504.957246993018,655.7147762611264,585.6629478037752,50.6524685712893,262.0406911193347,381.41383124179526,321.8322369452619,38.927172479030226,434.8161290315391,-0.6710800301794914,4393.973770491803,-0.09508196721311475,-0.23278688524590163,550.73074800252,651.030029456425,603.0228844810613,33.51197763042325,287.33891818550603,376.6119853552757,330.28378212194656,29.438541805948258,431.5692317767217,-1.143509116210976,5470.01711026616,-0.1634980988593156,-0.13688212927756654,0.0,0.0,0.0,0.0,0.0,0.0,0.0,0.0,0.0,0.0,0.0,0.0,0.0,0.0,0.0,0.0,0.0,0.0,0.0,0.0,0.0,0.0,0.0,0.0,0.0,0.0,0
14,AT,415.94066648130064,694.2064319186741,554.7851051415951,103.9745469079676,238.15051853509596,488.77209858835477,362.27304658246754,87.12000043973013,310.62410443593393,2.5509797719357024,1424.8641975308642,-0.4567901234567901,-0.1111111111111111,467.13670320864077,678.266431455259,587.0558806961708,70.20311097992146,221.39953066978924,372.41588875099467,291.42620776785634,49.842097193620454,411.3077335772639,-0.2478695995462974,2668.6543209876545,0.06172839506172839,-0.4567901234567901,494.26654891967775,655.7100625991822,578.0830229699033,53.54510900444359,266.5767382621765,379.50567445755007,321.6879681838879,36.868949516132915,410.06292525449663,0.23776035137912238,4044.725,-0.05,-0.35,570.1296663146088,663.1035784292912,619.0577277278909,31.756697599621546,303.5102463874264,391.54020337090975,346.3239762600927,29.08439907408158,434.6772234244917,-4.023973848926909,5005.695652173913,-0.2463768115942029,-0.07246376811594203,0.0,0.0,0.0,0.0,0.0,0.0,0.0,0.0,0.0,0.0,0.0,0.0,0.0,0.0,0.0,0.0,0.0,0.0,0.0,0.0,0.0,0.0,0.0,0.0,0.0,0.0,0
15,SK,407.0923200836182,628.4767839965821,516.1777766180109,82.2216210063139,206.40864526367187,458.3669652709961,334.8406078644115,88.09633427543591,327.2029701940047,-2.264823218346054,1513.52,-0.632,0.36,435.01183166503904,669.2123601074219,571.8788432294429,77.34374374926202,167.77295703125,347.01423724365236,255.46630590516594,61.32903635278201,441.8547171154588,0.8396141124476547,3079.608,0.504,-0.568,467.4028211143928,622.9927312959501,550.6840308974455,51.96716485171442,197.81072042821867,312.5577771566748,255.28000038372576,37.67899432309628,444.77501059925044,-2.302424779349871,4493.723577235773,-0.12195121951219512,-0.12195121951219512,499.85030926791103,613.1801730069247,557.9960466354435,38.288357922938374,246.9827785838734,343.01376016790215,295.4595681013428,31.59995144470864,423.7174544494189,-0.6324407952995593,5602.6,-0.23636363636363636,0.18181818181818182,0.0,0.0,0.0,0.0,0.0,0.0,0.0,0.0,0.0,0.0,0.0,0.0,0.0,0.0,0.0,0.0,0.0,0.0,0.0,0.0,0.0,0.0,0.0,0.0,0.0,0.0,4
16,SE,379.61049134117303,625.5090400670284,502.1700232014517,91.33562128644365,212.92982602837094,478.2742271295758,345.6390895673781,92.87271301578149,314.6182387158132,-2.8957392198621803,1543.056856187291,-0.5518394648829431,-0.023411371237458192,422.10149120726317,660.0994376498321,553.1408991708963,79.47116543708849,185.36919053501907,367.58582573830085,274.72425105534825,61.828269478845975,420.4542855900289,-2.5859099522922504,3108.2709030100336,0.12374581939799331,-0.4782608695652174,451.9697327356081,621.8179796579722,543.1338802377253,57.172588042596175,248.76746265308276,378.8627730189143,313.424303203949,42.96984982865807,386.2697302214928,0.20959622975634692,4633.64527027027,-0.24324324324324326,-0.31756756756756754,492.4024235383245,610.8671637382216,555.9571596688127,39.64634717627071,289.7328779206021,386.24641202970315,337.3233129661687,31.581866674843777,374.46195209485876,-0.3762420169401991,5733.202290076336,-0.25190839694656486,-0.22137404580152673,0.0,0.0,0.0,0.0,0.0,0.0,0.0,0.0,0.0,0.0,0.0,0.0,0.0,0.0,0.0,0.0,0.0,0.0,0.0,0.0,0.0,0.0,0.0,0.0,0.0,0.0,4
17,BY,524.2290368256746,746.6529995953596,631.4897096890526,84.21069648724558,238.2455308702257,479.14523428457755,365.4793747105137,86.04050011117982,328.85047753640094,-4.681762475126276,1197.7037037037037,-0.6296296296296297,0.25925925925925924,541.1474812825521,844.1559629087095,704.4070315524098,99.45878172523383,164.4044935438368,377.77853054470484,271.68481666239285,75.89320035215484,542.6885799243324,-10.608325926271899,3134.0,0.6296296296296297,-0.5555555555555556,598.8273326732494,755.37555553295,685.6186105696322,51.81889897603382,221.60749308268228,345.9396786159939,282.3970330004049,41.671555448086444,524.328231096438,-0.5677745322408173,4683.851851851852,0.25925925925925924,-0.18518518518518517,635.8468798828125,754.1409197998047,700.4454650686821,38.963093408015496,260.7056130981445,335.19973327636717,299.22433293764783,24.989227709197706,564.516322849653,-1.7738927372489584,5763.44,0.2,-0.12,0.0,0.0,0.0,0.0,0.0,0.0,0.0,0.0,0.0,0.0,0.0,0.0,0.0,0.0,0.0,0.0,0.0,0.0,0.0,0.0,0.0,0.0,0.0,0.0,0.0,0.0,4
18,CL,460.60859073292124,644.2684998945756,554.7563515356416,64.47683220701444,190.889816977761,417.89327239990234,299.3288641486749,73.44684382309732,319.3686314445008,8.777327536167775,1527.0,-0.5454545454545454,-0.18181818181818182,529.2032273032448,751.6029087413441,658.4937554690907,71.07930048119776,168.8886808915572,317.9031365134499,239.50511547251955,51.114906290239354,528.094214208054,4.065991392431693,3135.4545454545455,0.6363636363636364,-0.45454545454545453,547.8377727161754,727.9312723333186,646.5166066838573,61.80970677003224,243.15140810879794,403.07536523992366,332.2426018427971,51.55772632450451,475.75651433580856,0.2631774977018542,4596.954545454545,0.18181818181818182,0.0,609.3020610809326,730.3687496185303,682.7305819885387,40.40609325635217,268.0421257019043,392.38025093078613,334.66696657149754,41.09666974694594,563.56165329294,1.2420573107189556,5542.3125,-0.375,-0.375,0.0,0.0,0.0,0.0,0.0,0.0,0.0,0.0,0.0,0.0,0.0,0.0,0.0,0.0,0.0,0.0,0.0,0.0,0.0,0.0,0.0,0.0,0.0,0.0,0.0,0.0,4
19,IT,348.4506880094767,578.5828224501042,462.4668752822758,84.64562106394477,202.19034607080783,450.94821079904244,328.1784267633207,85.3242721376162,323.5029743980053,-1.028757024101199,1444.8360128617364,-0.3890675241157556,0.028938906752411574,382.7014982769344,592.7813309304584,501.0202049413344,70.84585732025288,189.92921105535083,363.69472252211006,275.0277614233234,59.023396915590524,365.69132120677375,-0.049138626135512266,2844.093247588424,0.1189710610932476,-0.44694533762057875,414.60351100785834,568.0642676492339,496.8170450066258,51.19108673562682,235.36459759215322,349.86765865832086,293.04327290024327,37.51802953134389,375.0762899204257,0.9101560612345088,4201.313915857605,-0.13915857605177995,-0.2297734627831715,471.472119335042,566.5322233222166,520.0758509276463,32.52379251976849,287.53034993764516,369.57061985560824,326.1725860655444,27.692178180592744,354.1598004725524,0.07544685931880563,5173.752895752896,-0.18146718146718147,-0.17374517374517376,0.0,0.0,0.0,0.0,0.0,0.0,0.0,0.0,0.0,0.0,0.0,0.0,0.0,0.0,0.0,0.0,0.0,0.0,0.0,0.0,0.0,0.0,0.0,0.0,0.0,0.0,0
20,TR,478.804856967926,678.4726682980855,579.4483495447628,72.24068896938603,181.3444573720296,423.07452023824055,306.3640458700254,84.41275226649174,398.47413204778525,-6.0307125886469874,1092.6,-0.4,0.26666666666666666,527.4092207272847,723.4529137611389,639.97406116905,68.32113528651797,221.8366636912028,401.2378884633382,314.62365408154614,61.011656977375985,484.57517733808453,4.64491061337105,2374.483333333333,0.3333333333333333,0.16666666666666666,557.4922797838847,713.0798666318258,641.5202196292018,51.837610127224,240.53457616170246,347.8484218597412,293.17039633831513,34.60133181404281,516.6401197256824,0.1232048484265022,3516.6833333333334,0.03333333333333333,-0.3,575.3346933682759,687.663814385732,635.4754482563309,37.53951178892859,244.61392402648926,346.1614330291748,296.16158678715476,33.15384203324258,500.2676990866485,5.678315524586543,4698.7,0.0,0.06666666666666667,613.8783362706503,729.7013410992092,676.4193931672694,39.43518041282654,259.73597816184713,352.49742960046837,309.0065366344272,30.539850574659848,552.3553525140222,-2.469288287996958,5824.685185185185,-0.1111111111111111,-0.037037037037037035,0.0,0.0,0.0,0.0,0.0,0.0,0.0,0.0,0.0,0.0,0.0,0.0,0.0,5
21,EE,419.0229795074463,678.0094790649414,548.6382696480199,96.34781444833425,230.56800033569337,464.0739794921875,346.1757418544629,84.13210220140398,348.1930145331618,1.44850350788417,1541.38,-0.44,-0.04,425.55512031555173,659.0811602783203,554.3974866088851,74.3586344859627,179.64989959716797,333.4231005859375,256.5689722433831,50.21175533149466,421.73655541626067,-2.9593125779214007,3086.94,0.44,-0.56,472.790659866333,622.2066000366211,553.743319397136,50.27660438190576,254.1390592956543,379.1033004760742,317.5986402651242,40.44885984140397,368.0230775078772,0.09921909518609225,4559.06,-0.2,-0.2,514.9925338390261,611.0644882557004,562.9961695945348,31.688300492967006,280.70058033078215,362.43444185478745,321.6179960092419,26.856752575885103,391.4958084535785,1.2502066066608897,5820.860465116279,-0.2558139534883721,-0.11627906976744186,0.0,0.0,0.0,0.0,0.0,0.0,0.0,0.0,0.0,0.0,0.0,0.0,0.0,0.0,0.0,0.0,0.0,0.0,0.0,0.0,0.0,0.0,0.0,0.0,0.0,0.0,4
22,AR,451.73636868125516,607.2891066701789,531.7884082995085,57.38718488482319,211.01297298230622,418.1445515281276,314.6488779142914,70.68881161022951,377.4735319858721,-6.8063012896604365,1349.9473684210527,-0.5263157894736842,0.05263157894736842,480.9880254645097,689.8455806531405,597.5393418743241,69.95311944103061,205.29892168546976,371.95644760131836,292.5337686344114,57.18202396307732,445.59814542578266,-3.9663129061054803,2989.3947368421054,0.05263157894736842,-0.10526315789473684,536.4565791079873,669.5220252589176,608.2215288022888,46.31044105922281,226.67471042432283,347.4041304337351,288.24743353382155,40.38095828200496,465.7132792621389,-4.232009538920308,4545.6578947368425,-0.10526315789473684,-0.3684210526315789,515.7541311163651,666.7250253777755,598.5311383505092,51.67339945370636,247.47205252396432,354.2046844080875,303.294047139444,36.21124781520979,429.5382587355063,-0.5188418153462478,6105.5,0.10526315789473684,-0.15789473684210525,591.1599684684508,731.2853226200227,668.7982399940033,47.09447268336109,264.7085492534022,384.9118386545489,324.11336456175667,40.38613670185208,493.5081106103315,0.3751757840464093,7006.064516129032,0.0967741935483871,-0.0967741935483871,0.0,0.0,0.0,0.0,0.0,0.0,0.0,0.0,0.0,0.0,0.0,0.0,0.0,1
23,SG,272.1149121602376,481.0852682325575,375.3872709558322,68.58043597206742,147.8514156765408,339.51134914822046,252.77920619783808,65.66715577534944,327.71430720622203,-3.055216253338847,894.7333333333333,-0.5111111111111111,0.4666666666666667,305.4653557671441,554.9148451911078,440.04534423914464,88.53646484549648,190.91359388563367,370.9178822835286,289.4310997808289,60.534256020631204,348.9187756714782,1.3579506094094185,2131.9555555555557,-0.022222222222222223,0.24444444444444444,353.39104504055445,474.6431566026476,420.82997679324416,41.558179738045524,220.42283715142145,352.2269473605686,290.7967316861842,43.75314956840696,328.05519669061255,-2.684293919333421,3065.5333333333333,-0.022222222222222223,0.24444444444444444,384.2598164691481,452.47444223803143,424.2904471098974,22.930445396954482,266.05861894474475,360.4332009248955,313.30141905983743,33.040865811296705,291.3331415128853,5.24453761900304,3787.5813953488373,-0.16279069767441862,-0.023255813953488372,393.23281240463257,467.1946258544922,435.7898309786788,26.846104612074654,280.0845000743866,362.9058430194855,318.31908566370646,29.009616980192398,299.6016089755887,1.233887951949562,4559.65625,-0.0625,-0.25,0.0,0.0,0.0,0.0,0.0,0.0,0.0,0.0,0.0,0.0,0.0,0.0,0.0,6
24,PH,371.22727153808114,608.2542244618334,489.66571322618177,81.2883607918114,157.0756323506513,378.8910222992184,275.6029569546612,75.8410603598861,388.6164500411177,0.06388116516659294,1367.023622047244,-0.4645669291338583,0.2440944881889764,405.98882267982003,641.1403735904244,534.146052670855,83.03668621610349,197.33595107671783,380.22697109312526,296.00015499740374,61.7794606345919,421.8250534660765,1.9395133038730654,3059.8464566929133,0.14960629921259844,0.07874015748031496,446.3433373769124,615.7405830564953,536.4364342535858,59.12915673973442,245.1043830144973,381.440534046718,317.5836935312739,45.23452065038554,406.5248135627498,-1.3016438970468045,4567.353174603175,-0.15873015873015872,-0.0873015873015873,497.47132242642914,611.5830142314618,557.1139655527606,39.3235219529231,287.20860400566687,383.48765204502985,337.6840945713891,31.836134506218226,389.9326827613965,1.9029891702456072,5625.692307692308,-0.125,-0.038461538461538464,0.0,0.0,0.0,0.0,0.0,0.0,0.0,0.0,0.0,0.0,0.0,0.0,0.0,0.0,0.0,0.0,0.0,0.0,0.0,0.0,0.0,0.0,0.0,0.0,0.0,0.0,4
25,HU,344.95939585847674,537.1570944696102,437.54440267162204,71.32091720443641,210.03523200412965,449.6503268547778,335.29690730369344,83.53598852823562,302.4835306499179,-1.4927183348219306,1374.4292452830189,-0.5188679245283019,0.22641509433962265,366.72543403337585,579.5172336146517,492.2084938091404,70.70553018635599,191.46346405317198,359.6686783556668,274.29651866266096,58.679636447926136,362.34378255017384,0.0534432769511495,2805.490566037736,0.4811320754716981,-0.4716981132075472,398.2857188361032,550.9072275070916,482.35955387240006,49.769451174692406,205.75564093816848,328.6043412708101,266.54200149529817,40.374540079252405,356.078865829945,-0.3318688278710287,4104.142857142857,0.1523809523809524,-0.3904761904761905,435.65980302526594,539.151509345846,492.4544315291382,34.646310306612314,254.94181097314714,354.77135013012173,301.5434084514441,33.30072140950147,346.029554820775,0.6472575080443936,5262.81914893617,-0.06382978723404255,-0.2553191489361702,0.0,0.0,0.0,0.0,0.0,0.0,0.0,0.0,0.0,0.0,0.0,0.0,0.0,0.0,0.0,0.0,0.0,0.0,0.0,0.0,0.0,0.0,0.0,0.0,0.0,0.0,0
26,NL,429.4583585739136,653.0737727772106,540.926070905196,83.2791467245779,207.64623177268288,488.7249001936479,348.3580656201273,96.22324628678048,354.8324702587108,-0.981453530406476,1465.5954545454545,-0.5636363636363636,-0.1,467.14745453921233,684.6118149497293,590.0939508793754,73.50149758865768,218.59115021445535,409.6027029557662,311.576394280723,65.48649977545237,415.3205898000447,0.039670009568104014,2922.177272727273,0.24545454545454545,-0.5181818181818182,503.2301257436726,668.0911923597486,591.9120482844804,55.04306017540398,249.78801017093218,378.116463445848,312.64082241110725,42.50746058862572,427.92677458072535,0.5007275083204068,4257.267281105991,-0.1336405529953917,-0.2995391705069124,531.9411869358372,661.3080123488968,600.3872394313514,43.149751253729065,278.8455800030683,383.55709257383603,329.21041533342515,34.41995684835367,416.9442861207497,-0.4474367926439875,5301.945945945946,-0.1891891891891892,-0.2648648648648649,0.0,0.0,0.0,0.0,0.0,0.0,0.0,0.0,0.0,0.0,0.0,0.0,0.0,0.0,0.0,0.0,0.0,0.0,0.0,0.0,0.0,0.0,0.0,0.0,0.0,0.0,0
27,CZ,480.83430259967673,742.2624758490201,611.175492366712,98.75562455868004,240.68206325399464,513.531052332911,375.7963618402434,94.44386529135342,359.36970000160557,-2.029425137280923,1568.1206896551723,-0.47586206896551725,-0.041379310344827586,509.2629126713194,776.2766345583159,659.9199424351164,87.99272867704553,209.5858734920107,382.39292682779245,292.321040575064,57.48484109440321,510.0878658827316,1.5105418423587507,3074.7620689655173,0.33793103448275863,-0.5103448275862069,567.0156672133339,737.1616498629252,660.2214900656116,55.99052152063679,271.58096600903406,396.86049192481573,334.5851230869258,40.76472171870602,480.59787344634,0.7424676766460401,4579.833333333333,-0.09722222222222222,-0.1875,596.6954546126109,723.4033590044294,663.2756077922783,42.38160400272509,296.0818586803618,396.2404510861351,345.4956467631943,32.68678310800049,476.5225892878698,0.7944431361277638,5661.960317460317,-0.1984126984126984,-0.10317460317460317,0.0,0.0,0.0,0.0,0.0,0.0,0.0,0.0,0.0,0.0,0.0,0.0,0.0,0.0,0.0,0.0,0.0,0.0,0.0,0.0,0.0,0.0,0.0,0.0,0.0,0.0,4
28,RO,376.82091072762364,574.0762973445477,473.53554707879726,73.69176450045458,223.20482295574527,447.0378327322478,341.2277726266195,78.39873102505369,301.93695467066175,-0.7551868573488937,1176.3069306930693,-0.48514851485148514,0.40594059405940597,429.2125347250759,627.4641185798267,545.512191812692,67.39786939319501,198.6090405152576,359.73411001073254,277.9005447086298,55.69597276003057,384.1519105830119,-5.692082382494108,2637.1881188118814,0.16831683168316833,-0.18811881188118812,444.03236628995086,618.2060398819423,540.9643415672421,57.67153282682391,205.41389189616288,323.9903177695699,264.65507052014283,39.151704429009975,410.64738259217154,-0.4575169890113789,4123.079207920792,0.04950495049504951,-0.3465346534653465,465.5368776126784,599.9334895854093,539.639022166049,45.280676195543975,232.0689195905413,337.09335778684033,284.9396320320143,34.42236449759324,400.356427697919,2.387636094960394,5513.938775510204,-0.02040816326530612,-0.061224489795918366,489.75857921080154,617.3877273906361,558.7441089525787,41.91275808593843,232.69653632424095,328.17244590412486,281.19671142059997,31.155986851353966,438.1180095990458,1.6285622631908152,6568.806818181818,0.045454545454545456,-0.1590909090909091,0.0,0.0,0.0,0.0,0.0,0.0,0.0,0.0,0.0,0.0,0.0,0.0,0.0,1
29,UA,449.5662342905998,654.8617809414864,550.0608639327124,74.97001803562131,226.8782548904419,460.6992861032486,351.9431805867028,82.41275580893875,343.9823395543828,1.1388336623888287,1285.0859375,-0.5625,0.328125,469.5891091823578,753.7902731895447,632.5018102797343,95.61240310124202,197.9656845331192,392.7854348421097,299.8426764180772,69.4900556439041,446.3894618494998,-38.38369960058306,3084.6796875,0.5,-0.375,497.22978922724724,731.8640781641006,624.0853791824935,77.69199284944723,194.1198958158493,337.09333324432373,270.5453284460685,46.10332228389062,492.2378353691768,0.7303221304147186,4854.875,0.140625,-0.171875,566.5856397474134,702.3466214016751,637.4299450246141,45.02284944224604,268.9780331173459,379.23004150390625,324.67539599803416,36.98453354868915,461.7638886459107,1.5547300094502965,6047.657657657658,0.009009009009009009,-0.0990990990990991,0.0,0.0,0.0,0.0,0.0,0.0,0.0,0.0,0.0,0.0,0.0,0.0,0.0,0.0,0.0,0.0,0.0,0.0,0.0,0.0,0.0,0.0,0.0,0.0,0.0,0.0,4
30,VN,395.14886311967246,594.7250984842464,492.6584077111381,72.79131642817896,188.58464842803718,404.07846713990205,300.5737308405384,75.76741400879112,334.7048090088691,1.0718616110646133,1267.8217054263566,-0.5038759689922481,0.3333333333333333,435.0386640267779,651.3024447537208,557.273040701834,73.91382688748905,177.79372107335763,352.952172863391,271.20678106586536,61.95242171287028,424.3219037238791,1.8445332020219571,2975.5271317829456,0.3643410852713178,-0.2248062015503876,447.3842169591623,613.90452676226,537.0251844715428,54.805930567497,213.25993838051494,331.8479118051455,274.5484944029729,38.9544925640722,429.12701548737533,-0.42574395553512695,4601.542635658915,-0.13178294573643412,-0.1937984496124031,466.99419749224626,604.8741053122061,539.701841294542,46.599020252670535,232.34004571702746,334.0623022715251,283.6633306450531,34.323117349077364,406.6048212918592,-0.0746378511890081,5723.12037037037,-0.05555555555555555,-0.16666666666666666,0.0,0.0,0.0,0.0,0.0,0.0,0.0,0.0,0.0,0.0,0.0,0.0,0.0,0.0,0.0,0.0,0.0,0.0,0.0,0.0,0.0,0.0,0.0,0.0,0.0,0.0,4
31,ID,286.1261399316788,440.1549500274658,361.91529189868606,53.16307065086854,153.79090965270996,313.1645598602295,241.70885091200896,55.27937872627358,308.6756522639093,3.6146310628766822,939.69,-0.34,0.4,331.6574305725098,497.75054092407225,426.69864533428307,56.0271327074169,157.349150390625,299.6621897125244,233.28475283343442,48.80691049192508,335.0826040328179,0.7013385893782218,2223.3,0.26,0.12,320.20642993927004,490.06046028137206,413.42190982446425,57.714222807101606,198.01471023559571,310.5008196258545,258.1361049722272,37.390821332866935,316.5642116316884,1.2773162039291768,3565.04,0.46,-0.26,370.22056544910777,469.37914137406784,424.61052669586627,34.71804343557696,227.45256581932608,327.6933127509223,284.35415580189897,33.83644957892703,326.3523090372787,2.8430170001396866,4743.737373737374,-0.1919191919191919,0.23232323232323232,392.9467240695296,501.88076966384364,458.05714313764213,35.617117215189765,213.6823440200981,299.9615867000887,258.5925042541088,29.247153242771653,356.0359454007325,-2.1953523759770195,5726.586206896552,0.08045977011494253,-0.2413793103448276,0.0,0.0,0.0,0.0,0.0,0.0,0.0,0.0,0.0,0.0,0.0,0.0,0.0,5
32,FR,460.9866179419814,700.7592278526963,580.1657350261411,89.96150346786814,220.69057037410664,475.0892693165983,349.75552691047375,88.9222207208968,358.38743101142876,-1.2280483984817785,1495.7715355805244,-0.6104868913857678,0.16853932584269662,492.50763925273765,725.5729927891649,624.0665251183649,76.42126385137344,193.27508424908928,360.45152188418956,272.52241162461127,56.849067557138255,473.8330712803586,0.9488743758741711,3062.4157303370785,0.2808988764044944,-0.5730337078651685,541.3337257703146,701.2154163302797,628.469449267067,53.99772614289564,236.63709026394469,360.2052065820405,298.7864102551879,40.59070378399126,465.1274881583837,0.8824381864017544,4472.136363636364,-0.07575757575757576,-0.25757575757575757,579.5674671023173,681.9382128986209,632.253788151918,34.58008740324688,278.6476925346008,366.29369993917805,320.42629217804705,29.12235015440766,460.6550311851354,0.5128582687704886,5519.576419213974,-0.24890829694323144,-0.048034934497816595,0.0,0.0,0.0,0.0,0.0,0.0,0.0,0.0,0.0,0.0,0.0,0.0,0.0,0.0,0.0,0.0,0.0,0.0,0.0,0.0,0.0,0.0,0.0,0.0,0.0,0.0,4
33,IQ,380.140832901001,620.1002782185873,504.26639586487534,87.59604358841423,152.27188958062067,383.2245559692383,275.20080320768096,80.67677476688618,495.5261504338598,-0.39337908877358313,1638.5555555555557,-1.0,0.1111111111111111,493.2032224867079,664.3699425591362,584.4399432772639,58.00546273239652,158.01577843560113,320.62672170003253,244.72232052866684,53.01969993917605,510.3774572819409,3.2250847013696085,3095.9444444444443,0.1111111111111111,-0.2222222222222222,473.184444003635,627.7117775811089,545.7118145810107,52.55792079631278,226.51644558376736,336.3454988267687,282.25231527709775,38.736055673732025,477.3022276055219,1.643846297851146,4546.388888888889,-0.5555555555555556,0.0,479.565555996365,593.0536109076606,530.9095175629643,38.9901215539451,239.08983442518445,358.4504453870985,304.5662891410579,39.46247232823501,457.9475892789381,0.37468464550069414,5895.666666666667,-0.4444444444444444,0.1111111111111111,466.05094475216333,578.1472218831381,521.0576306522091,39.73327300282073,251.50044420030383,356.2003334893121,311.30612319297705,34.66182622391055,412.5969044706791,2.6553360815030222,7135.5,-0.4444444444444444,0.0,449.3188753128052,534.1100616455078,491.47201914274547,28.585756937578,281.21950006484985,344.40062379837036,314.720607584484,21.2836588326835,327.22155605522477,-0.19838948654981348,8065.875,-0.25,0.0,2
34,PL,422.48550334241656,700.9197706646389,557.925326174482,105.51566217524265,209.34353102578058,470.9203740755717,340.7486629966212,91.94214589224276,343.4340189315074,-0.8768152497829527,1527.7916666666667,-0.5277777777777778,0.05555555555555555,448.94445803430347,743.3990899191963,613.0971486693761,95.58384013882119,163.84580863846674,350.5052152209812,252.90841136802055,62.15979896932889,486.88822958361357,0.47708680375534773,3125.5729166666665,0.3680555555555556,-0.5416666666666666,509.4606456094318,690.6221839057075,604.0135629212789,60.414294959013446,216.79828745788998,345.93513849046496,280.97203251883025,42.10015770863348,465.8638209648859,0.16612995533293706,4610.875,-0.1111111111111111,-0.2569444444444444,570.3722276000976,681.0578956298829,626.5744586339597,37.67258280315792,272.20802755737304,367.1971476135254,318.80406642157277,31.383338149618048,452.8481125959319,-0.1428248677757211,5724.712,-0.28,-0.056,0.0,0.0,0.0,0.0,0.0,0.0,0.0,0.0,0.0,0.0,0.0,0.0,0.0,0.0,0.0,0.0,0.0,0.0,0.0,0.0,0.0,0.0,0.0,0.0,0.0,0.0,4
35,QA,336.65926320929276,537.3334222090872,427.9727774721578,70.75858858520104,165.8117900647615,457.48573704769734,302.2727285633306,103.3656269120727,374.8733686906033,-2.686629700907647,1288.7894736842106,-0.3684210526315789,-0.15789473684210525,373.9864212839227,597.6434213738693,497.9718583398714,75.84268912570133,132.37552622744911,388.27921014083057,263.3118068016277,85.82455591533119,402.2032769291992,1.368985588042224,2836.315789473684,-0.05263157894736842,0.3684210526315789,394.60915816457646,542.1345793071546,471.48542335190245,51.345435914559616,198.639842786287,339.47036903782896,272.2631421507863,47.36287635765746,381.0564676822128,-1.2807515975173047,4182.9473684210525,-0.2631578947368421,-0.3684210526315789,396.35273662366365,540.5094210976049,475.9815844604219,49.53739849070588,212.35063091077302,372.9046839663857,291.0482895786898,54.67528272457699,331.1877378363234,-0.25140502470453163,5684.1578947368425,0.05263157894736842,-0.15789473684210525,367.64285714285717,475.85714285714283,422.86841427505067,36.43695108703188,286.14285714285717,373.0,323.94476852554214,29.466325903442748,256.8488305931401,-0.5617263835074182,5762.785714285715,-0.14285714285714285,-0.5714285714285714,0.0,0.0,0.0,0.0,0.0,0.0,0.0,0.0,0.0,0.0,0.0,0.0,0.0,1
36,CO,412.1105653514033,653.0097822106403,532.3870858745214,87.77242848766565,184.33626191512397,386.57756506878394,289.6449741649925,71.94324062689661,386.8522455359729,0.3177903391570507,1635.4782608695652,-0.30434782608695654,0.30434782608695654,434.10934779954994,654.5153470246688,553.4968763405165,74.98901482729869,160.75086908755094,319.4175202742867,242.76680505527486,53.43428034678976,460.95484767752913,0.013958801058822462,3624.304347826087,0.21739130434782608,-0.5652173913043478,470.59099943741506,638.3326515529467,563.2163813691218,59.70295054786463,216.6309990260912,337.16656494140625,280.8041090938992,39.63725000692316,401.9222221874116,-1.5084609665885416,5312.695652173913,-0.043478260869565216,-0.5652173913043478,503.2958822811351,571.4134117575253,536.96403479289,24.65498423123548,271.60658802705655,334.4566461899701,300.6707801303075,21.442944899375455,383.2312032916229,0.5628844412889268,5695.058823529412,-0.4117647058823529,-0.058823529411764705,0.0,0.0,0.0,0.0,0.0,0.0,0.0,0.0,0.0,0.0,0.0,0.0,0.0,0.0,0.0,0.0,0.0,0.0,0.0,0.0,0.0,0.0,0.0,0.0,0.0,0.0,4
37,MX,388.2730174817537,493.90696488765246,439.901926864277,39.485558599753524,208.68254276744108,410.515121727659,313.2400055441954,71.65141403659483,306.8720661741788,6.515032893750334,773.0877192982456,-0.6491228070175439,0.40350877192982454,445.4722100977312,645.2993514746951,561.0843592609051,66.42299543394375,192.63401580275152,366.3147711502878,282.7470740157996,60.84118726672439,426.68525692839455,3.1855733806459194,2145.2280701754385,0.5087719298245614,-0.12280701754385964,427.7477892156233,628.0635086862665,533.1628516923012,65.43822589877901,184.23449037786116,315.453947100723,251.92238196518068,43.41424841967399,430.4445121423252,-2.2789416181237514,3538.8070175438597,0.22807017543859648,-0.5087719298245614,463.7592318398612,566.5138386317661,519.3009546797504,34.706460473283805,237.18887288229806,356.4549091884068,295.9921163543343,39.90082328717563,374.20884294669685,-1.3642237845851504,4826.767857142857,-0.32142857142857145,-0.25,467.5966037114461,569.5373328526815,526.6167441836054,34.99250069142963,260.04912281036377,355.3424361546834,304.46641406640435,32.05205811022973,381.9177991566387,-1.1946101091301358,5603.916666666667,-0.25,-0.4583333333333333,0.0,0.0,0.0,0.0,0.0,0.0,0.0,0.0,0.0,0.0,0.0,0.0,0.0,5
38,JP,265.1096862411499,522.442759806315,395.3602243628633,86.64037936864096,149.43373743693033,324.5981974283854,247.24110781873193,59.62882110922939,359.275958088461,-2.533409648360289,971.6733333333333,-0.6533333333333333,0.44,345.3630329640706,570.0043262736002,463.951413452663,81.34683589717105,186.57989095052082,346.08634419759113,277.67728667853584,53.97865291913323,370.8620042043654,-0.8177968018984932,2242.673333333333,0.04,0.4266666666666667,362.95862632751465,494.2748601786296,432.31980338620787,49.35110455436298,258.15535090128583,389.80037089029946,332.3895124032422,44.6450554632652,290.88986118352943,-2.2264179407595694,3414.9933333333333,-0.37333333333333335,0.38666666666666666,416.3937960342622,521.1087323041029,472.57262705535726,36.780105724756766,268.92411755843904,366.0581243810519,321.70381102579427,33.32909205145451,316.6424166614595,0.564995117275333,4411.760563380281,-0.18309859154929578,0.04225352112676056,0.0,0.0,0.0,0.0,0.0,0.0,0.0,0.0,0.0,0.0,0.0,0.0,0.0,0.0,0.0,0.0,0.0,0.0,0.0,0.0,0.0,0.0,0.0,0.0,0.0,0.0,0
39,NZ,403.74842776130225,690.7374116785386,546.6356290297316,105.20344920533644,178.66108981861788,444.7122428445255,315.8395813654412,92.54287399657812,386.7309102786899,4.032082012232353,1444.4823529411765,-0.36470588235294116,0.12941176470588237,439.4780236636891,681.1896863151999,573.4484236886232,81.02424378230987,170.92191781436696,361.8526150871726,268.1518297064163,63.299039906048925,457.85747261437854,2.12931704086872,2942.0823529411764,0.15294117647058825,-0.24705882352941178,501.4458132244292,647.931098756336,576.4537598379571,51.5776240082555,256.89817819141206,391.2127452123733,326.46678450468704,44.24476943459801,427.0118674285684,-0.4338098425307753,4546.785714285715,-0.2857142857142857,-0.047619047619047616,533.3963282993861,630.2263848440988,581.4105344716112,34.40590703144163,310.97882864815847,398.2558567592076,355.3975005902441,28.94508194359904,373.4637876742757,-0.2680490361403029,5361.728571428572,-0.42857142857142855,0.14285714285714285,0.0,0.0,0.0,0.0,0.0,0.0,0.0,0.0,0.0,0.0,0.0,0.0,0.0,0.0,0.0,0.0,0.0,0.0,0.0,0.0,0.0,0.0,0.0,0.0,0.0,0.0,0
40,MK,421.5845714750744,656.3164767310733,541.2290299247273,83.11797907096627,145.21899922688803,375.22757248651413,263.4628304800427,77.4659737011624,391.5493393741999,2.065717166862598,1357.904761904762,-0.6190476190476191,0.5238095238095238,419.7315710158575,666.194808233352,547.0219505387527,85.47072036333817,181.96219090053015,347.7349526541574,276.7658202701277,54.27440546263957,466.4229944094209,1.9401708517804057,3310.6666666666665,0.42857142857142855,0.047619047619047616,486.2182362874349,607.4607631138393,550.5592186375468,41.279141047345014,239.65161932082404,340.83204650878906,288.9266045652484,32.75714753586773,451.76122012898946,2.2180370526678006,4503.333333333333,-0.23809523809523808,-0.3333333333333333,528.7417233784994,667.607056511773,607.7587623473289,48.723536600649794,196.82433234320746,306.69561258951825,251.06129093970742,34.83450947754973,525.2248433767023,0.4592719050742063,5725.888888888889,-0.1111111111111111,0.0,0.0,0.0,0.0,0.0,0.0,0.0,0.0,0.0,0.0,0.0,0.0,0.0,0.0,0.0,0.0,0.0,0.0,0.0,0.0,0.0,0.0,0.0,0.0,0.0,0.0,0.0,4
41,PT,418.065288749901,612.2205536301071,513.5597345464114,73.96447764670441,203.98896851410737,434.29553160796297,322.2687572690436,80.33421409176077,298.2733986977919,-1.9134068663415615,1479.6486486486488,-0.6486486486486487,0.13513513513513514,453.32793173918856,655.5817656645904,566.0302608934844,68.46235629679501,192.9888331439044,362.0951849447714,274.4945853297137,58.06730649004155,419.0747747772828,0.8557342689737004,3058.7972972972975,0.2702702702702703,-0.43243243243243246,487.0876478813064,617.7977838650555,556.1767104301221,45.70202914551881,235.94352077430403,347.29799018107667,293.0590647145422,37.446627047520515,397.79529423462907,-0.007647051500822358,4479.30985915493,-0.04225352112676056,0.014084507042253521,542.4929809570312,636.3701888750185,592.9324034829312,30.860891918251298,261.2833401661999,348.79550977023143,304.2284113925428,29.35977687552256,417.1668977341509,-0.5968627690022102,5674.981132075472,-0.20754716981132076,0.018867924528301886,0.0,0.0,0.0,0.0,0.0,0.0,0.0,0.0,0.0,0.0,0.0,0.0,0.0,0.0,0.0,0.0,0.0,0.0,0.0,0.0,0.0,0.0,0.0,0.0,0.0,0.0,4
42,HK,357.1816953299702,591.2387237548828,474.9984644664739,80.44266470577614,168.65775354357734,368.26676764004475,279.6886637564022,70.24346062352399,432.9638658839638,1.0088784998241538,592.8695652173913,-0.6231884057971014,0.4492753623188406,431.40599933568984,692.8174634187118,577.9556654620416,96.50347058020604,214.47521652000538,401.0131159243376,315.5409351330389,64.35653686484599,472.6548359763229,-6.08244227357735,1560.9130434782608,0.2753623188405797,0.2463768115942029,440.9236810656561,618.5051144586093,537.083024375019,62.474179501065144,273.57288371652794,425.3905657339787,357.06485795648877,51.41765280191855,422.09893478514607,-0.33650833421146154,2507.1304347826085,-0.21739130434782608,0.2463768115942029,485.81788347769475,600.849448826002,546.4242169514762,41.741469801644136,328.1101733221524,464.7527680327927,399.80426194727147,47.9743669679291,331.87214842655237,4.1174094454502095,3318.289855072464,-0.10144927536231885,0.07246376811594203,497.62763902007555,599.985999685819,555.0161668333878,36.46109301465769,336.1984091586754,433.81882026547294,382.74714777617885,32.54121929631551,362.3518228017905,-4.0286323150836525,4066.7049180327867,0.21311475409836064,-0.2459016393442623,0.0,0.0,0.0,0.0,0.0,0.0,0.0,0.0,0.0,0.0,0.0,0.0,0.0,6
43,OM,302.1044430202908,420.26610989040796,363.100616704765,43.311740820978,151.0963338216146,328.72477552625867,243.79278848503202,61.788885601830444,272.0642623077111,-11.934831411252647,913.3333333333334,-0.3333333333333333,0.1111111111111111,289.5128881666395,453.45955742730035,381.24987679156953,56.1659450121622,133.46077728271484,288.8854454888238,215.68758921805434,53.70379277098925,378.3903184177884,-2.907859404346479,2626.222222222222,-0.1111111111111111,-0.3333333333333333,324.22355482313367,423.4532233344184,372.4135301549612,34.185184707605885,184.78144327799478,274.7094472249349,227.8406700349487,29.776639723342427,324.20741020912715,1.1351901416420054,4100.333333333333,-0.5555555555555556,-0.5555555555555556,348.65711296929254,440.7118903266059,395.1575943889497,30.946252680956775,205.97155592176648,286.0063307020399,252.6079215968574,27.051339995484895,326.048749338166,0.8155591683751117,5451.666666666667,0.3333333333333333,0.1111111111111111,386.64283243815106,414.31116739908856,397.62006659021375,9.530049629452906,224.67699686686197,278.5003306070964,249.54438285163346,18.56396570967914,332.6692994816124,4.623338987317481,6142.0,-0.6666666666666666,-0.3333333333333333,0.0,0.0,0.0,0.0,0.0,0.0,0.0,0.0,0.0,0.0,0.0,0.0,0.0,1
44,IL,399.0173586845398,651.7226272583008,526.9055973069552,95.89412995096498,198.8998752593994,468.92747459411623,329.4534828568568,95.91295837335844,332.42088307584476,3.6482530386340337,1497.575,-0.5,-0.15,420.20790939331056,637.9073513031005,536.8770340085545,72.72207088567701,149.90001640319824,335.0860084533691,240.66495858902,62.50965060522471,417.4170151242808,6.086585454799507,2957.275,0.15,-0.65,454.4387506484985,579.3090251922607,517.8032755455562,42.87669064122099,240.52054176330566,355.8614360809326,294.5540674356303,38.214141908798595,390.39923215528023,0.11142771963246238,4314.5,-0.3,-0.4,546.1020900501925,624.4339411118451,586.9456013375004,26.961728088342166,288.1273431216969,369.425256616929,329.12202025772496,27.074436228171606,474.26307106040497,1.1755921225618124,5316.529411764706,-0.11764705882352941,0.11764705882352941,0.0,0.0,0.0,0.0,0.0,0.0,0.0,0.0,0.0,0.0,0.0,0.0,0.0,0.0,0.0,0.0,0.0,0.0,0.0,0.0,0.0,0.0,0.0,0.0,0.0,0.0,0
45,TH,251.11593107026198,419.5723981133823,337.5963254032561,57.26576616151516,163.60128031763537,336.1250922367491,259.848042358848,59.25475134955936,277.8868205159454,1.0771064943856052,821.9931034482759,-0.15862068965517243,0.006896551724137931,293.41275179632777,482.80172705814755,405.5110803318778,64.46646712701416,183.91222323713632,328.66725290232694,254.8281383468282,50.808634064994266,309.12746976590853,0.5985782422080174,2018.6689655172413,0.43448275862068964,-0.1724137931034483,304.2853842768176,481.31558648471173,398.7747693677673,61.68694811444465,206.5786527436355,332.4099293149751,276.0549726128171,42.555959132857936,320.70664720824016,2.5810984577931952,3198.848275862069,0.1310344827586207,-0.06206896551724138,341.28668324930686,481.7537039910163,421.89037276586146,48.22035332154011,224.1051700832127,346.10756480610456,290.7727525910327,41.27168997152422,314.19049578970925,-0.6009249308098329,4334.202797202797,-0.02097902097902098,-0.04895104895104895,391.7412009510567,512.5069838112931,459.9277889782088,40.298721429100276,232.74988363622649,342.93412005416747,288.00249747600185,37.52847423169599,354.41477487535826,-1.727063981846643,5277.642276422765,0.13821138211382114,-0.3333333333333333,0.0,0.0,0.0,0.0,0.0,0.0,0.0,0.0,0.0,0.0,0.0,0.0,0.0,5
46,PS,406.5398356119792,680.7490030924479,538.9115148109372,101.37840996327516,133.10449981689453,375.32200113932294,249.29098143525553,93.41770655292423,369.7058397853805,13.40312274540622,2317.8333333333335,0.0,0.0,454.4161682128906,644.0710042317709,563.2435785721735,58.30134308457911,67.2711664835612,230.2588348388672,145.11636583240679,54.73112335981657,582.3091500758851,4.348154409993992,4097.666666666667,0.0,-0.6666666666666666,464.3653310139974,605.5873311360677,530.9261564132744,47.08094248006589,114.91683451334636,231.86666870117188,175.8946422943965,38.60398270092111,554.1615118839408,0.11480669707875461,5699.166666666667,-0.3333333333333333,-0.6666666666666666,462.9255015055339,556.0701700846354,515.4252728608492,31.731517519213025,175.55533345540366,242.5826670328776,206.18158637904105,22.072413455197974,477.6828314803722,1.068351193163944,6944.333333333333,0.0,-0.3333333333333333,475.90700073242186,555.293994140625,509.89077539454263,28.36956302159795,247.60159912109376,333.75780029296874,283.26628198915904,29.58939628153696,325.89664562620635,-0.2861247247878079,8348.2,-0.6,-0.6,0.0,0.0,0.0,0.0,0.0,0.0,0.0,0.0,0.0,0.0,0.0,0.0,0.0,3
47,TN,411.5682998657227,531.0115005493165,469.3945947489854,46.91896013418695,233.74420166015625,433.83810272216795,339.98875066163157,73.83637523561,326.1253728299693,6.097126745772789,1423.8,-0.4,0.6,481.2177001953125,663.8009017944336,593.1146960299645,63.71622553774999,237.68260040283204,396.2387985229492,318.9950636005856,60.664786892136156,423.9610935720415,-2.4948445901079834,3043.2,0.0,-0.8,435.87889938354493,646.7014007568359,553.208578285961,65.22571225987595,145.97120056152343,269.17740020751955,205.6765624747709,39.40571609224205,505.8571577271165,-1.6836996847134138,4466.0,-0.2,-0.2,489.59850006103517,562.5483001708984,524.0559410106907,25.464394431453293,282.1923004150391,362.00690002441405,321.49838880010543,25.883602369260416,401.59626704559173,1.215234606532114,6038.9,-0.2,0.2,534.5,648.5593338012695,593.2747840059133,35.909406647947506,229.78333282470703,321.92383066813153,271.48962785831833,31.353764367770378,464.5958460147813,0.435291078452582,7489.5,0.6666666666666666,-0.6666666666666666,0.0,0.0,0.0,0.0,0.0,0.0,0.0,0.0,0.0,0.0,0.0,0.0,0.0,1
48,EC,180.88500213623047,390.7100016276042,282.0104908273625,76.36174140539272,91.16632843017578,295.95733642578125,191.8777178530291,77.63468897188079,251.89518781742535,-4.508382682002565,1438.3333333333333,-1.0,1.0,156.58167012532553,399.1476643880208,279.3928854861983,85.4986280011217,85.02133687337239,256.7099914550781,163.5319537825574,58.08313763229884,274.6117821704319,-0.1363439132575797,3207.6666666666665,0.3333333333333333,-0.3333333333333333,223.23800150553384,280.88133748372394,252.72430209764192,21.164368274403987,217.36133829752603,325.0636698404948,271.07349567902395,38.33604292348614,166.30356094512987,12.400796043541924,4268.333333333333,-0.3333333333333333,-0.3333333333333333,268.48434193929035,318.986328125,297.82223625257467,17.234404529603317,192.73967488606772,251.25432332356772,214.6441122133132,22.525539845651952,216.98772901019382,0.9844462372179464,5103.666666666667,-0.3333333333333333,-1.0,0.0,0.0,0.0,0.0,0.0,0.0,0.0,0.0,0.0,0.0,0.0,0.0,0.0,0.0,0.0,0.0,0.0,0.0,0.0,0.0,0.0,0.0,0.0,0.0,0.0,0.0,0
49,SI,463.2102494239807,724.9418134689331,595.3960241565406,97.88741670516393,267.1675009727478,551.4581255912781,407.6195740155307,101.78154897143854,476.9085289230023,5.408568218059462,1284.25,-0.75,0.125,477.1733751296997,798.229811668396,655.6038047620574,105.72455285953579,192.12843656539917,441.25137662887573,308.1592464983493,78.50403017906567,454.2717291586057,4.38328648998209,3001.4375,0.0,-0.375,578.5896866321564,729.545937538147,670.279173858569,45.92573114380741,306.53249979019165,413.0926241874695,358.7324614494035,34.30665230159521,526.4981565694336,-0.9305633905290767,4394.1875,-0.125,-0.125,645.0365715026855,723.2825698852539,685.8130405908008,25.988990219392115,351.5892143249512,450.58271517072404,399.07425439555317,33.14152684087306,471.52581207379586,-0.3628052938213856,5289.928571428572,0.0,-0.14285714285714285,0.0,0.0,0.0,0.0,0.0,0.0,0.0,0.0,0.0,0.0,0.0,0.0,0.0,0.0,0.0,0.0,0.0,0.0,0.0,0.0,0.0,0.0,0.0,0.0,0.0,0.0,0
50,TW,272.0743541121483,475.7777500152588,371.13032402851803,66.45930067330166,146.5846696694692,314.83754483858746,242.20947780110285,57.31844531643184,332.8426573256723,1.9418798681750236,760.7083333333334,-0.6666666666666666,0.6041666666666666,334.5796147386233,528.4450636704763,445.3765121037984,67.60767870925358,186.56477348009744,346.37397265434265,272.7946357097507,54.09144864830629,342.87798465181754,-0.640454137220046,1794.28125,0.3125,0.25,356.82147949934006,500.18227100372314,431.3725720588598,52.48484255336817,253.64929461479187,387.89863721529645,332.905704328304,44.43484830073277,338.39247215882546,3.329929881563181,2791.78125,-0.3125,0.4375,377.54832673323784,504.9157578317743,447.53133302942143,44.92251423789753,272.1516762181332,376.78859244898746,326.8761163205835,35.062529520760094,322.94190022190804,3.5088238992495984,3668.8,0.010526315789473684,-0.031578947368421054,412.0671425361138,501.30397370573763,458.45020419283054,31.55813593284715,274.5790946266868,346.87760142536905,310.58471450541606,25.08482122554846,336.0550901514015,3.6004096974135855,4498.857142857143,-0.11688311688311688,0.16883116883116883,0.0,0.0,0.0,0.0,0.0,0.0,0.0,0.0,0.0,0.0,0.0,0.0,0.0,6
51,SA,262.8537800734123,506.42444482830723,384.7485116200353,89.7306811112994,162.0434555710788,409.669388620477,284.0338901585166,87.9211290470811,314.8166919806388,-1.0968677336408423,1641.2248803827752,-0.37799043062200954,-0.3684210526315789,308.59299958151496,497.69952173552446,407.8453578886153,64.61389838983496,155.21683838036643,318.8715707879317,236.13160250734063,54.73931061876758,343.89420794423773,2.6471622995037025,3249.2535885167463,-0.1674641148325359,-0.3875598086124402,331.7198900144066,476.52006716933545,406.51308837136196,49.89805391659967,196.57225529999255,317.0230923885364,257.7990273057668,40.55044456968557,338.41406638547744,-0.9030360456879224,4762.004784688996,-0.2535885167464115,-0.2631578947368421,357.53054748838815,452.37186086474367,405.5268412538904,32.396312526249154,223.41795626208557,322.01446897592115,273.3861457973586,33.5791216766182,307.21164622506745,-1.959103434687147,6068.363184079602,-0.36318407960199006,-0.0945273631840796,365.7254671565073,454.84516189483827,410.47379207421153,30.022539191239325,234.19568439871966,315.99564178832276,274.39165836160686,27.31356154915984,324.1086604347174,-1.0035360971469094,7026.191616766467,-0.31736526946107785,-0.17365269461077845,0.0,0.0,0.0,0.0,0.0,0.0,0.0,0.0,0.0,0.0,0.0,0.0,0.0,1
52,ZA,399.0446231418186,635.9801120334201,519.7475346986856,87.72186276354152,197.21642167833116,443.6177773369683,321.1503497475172,86.94469148594042,336.6577098744051,8.326643866243751,1427.8444444444444,-0.28888888888888886,0.1111111111111111,433.5049560546875,648.0597564697266,548.8667111124248,72.97726353826626,194.41562220255534,361.2333555433485,280.1982208894942,55.58464543184873,411.9168559231523,6.61734954347929,2950.688888888889,0.1111111111111111,-0.5111111111111111,475.50902226765953,615.0415327284071,544.8039630037231,47.92883348922739,242.96028815375433,371.2676654391819,309.56882678443594,42.06556855925476,385.7862269012454,-0.6404744951084849,4430.644444444444,-0.15555555555555556,-0.1111111111111111,482.1711748123169,590.4433511734009,535.378142843911,35.65781580986875,304.8810237884521,393.1812498092651,346.5526714283217,27.751285781475616,336.9164240787838,0.31680576403445937,5540.2,-0.1,-0.2,0.0,0.0,0.0,0.0,0.0,0.0,0.0,0.0,0.0,0.0,0.0,0.0,0.0,0.0,0.0,0.0,0.0,0.0,0.0,0.0,0.0,0.0,0.0,0.0,0.0,0.0,0
53,EG,288.57991260030997,520.4911744490913,406.61812900359314,84.69747851526945,175.0833912725034,410.95795739215356,293.43121320623925,81.30111225232434,298.05377192768424,-7.430710076466556,1079.304347826087,-0.391304347826087,0.043478260869565216,330.62560819542927,567.9049987792969,454.29844323699507,77.64607909664961,186.81291165559188,369.3713485054348,279.48167886318043,61.856809866612366,345.6294497590963,1.4226804789288443,2752.0434782608695,0.391304347826087,-0.21739130434782608,336.3090425574261,484.13673931619394,418.66323651050794,52.042252103850494,202.31460770316747,360.5994773533033,289.7887984265427,49.74945262428449,290.4251680284502,0.3238126671073926,4547.304347826087,-0.21739130434782608,-0.043478260869565216,395.1592175027599,512.6228697403618,457.4799440142128,43.10959004525058,244.94147922681725,335.0312612782354,292.00437759558423,31.367809289066386,365.0589946451405,1.9587584372402875,5957.869565217391,-0.043478260869565216,0.043478260869565216,430.16163133320055,519.3804746928968,476.01206379013286,30.65249949564099,254.5999466745477,348.16921113666734,295.0130101264735,33.38281079179029,369.05581618739785,0.9592135341814788,7124.368421052632,0.15789473684210525,-0.5789473684210527,0.0,0.0,0.0,0.0,0.0,0.0,0.0,0.0,0.0,0.0,0.0,0.0,0.0,1
54,HR,353.30824692670035,560.8266470516429,454.43603682264074,75.61480720152205,190.5335646685432,439.90289441276997,315.61100350411834,86.95743413919828,281.725242998765,5.409194509215448,1796.4823529411765,-0.6,0.17647058823529413,390.22568265129536,604.7094231998219,516.4825886760044,68.58446943073646,160.73979949951172,328.2505885404699,242.48149390283965,56.95377964739782,356.31916725246845,1.4987845247430616,3504.6823529411763,0.5764705882352941,-0.5529411764705883,402.3741544995989,565.0250478472028,489.4107366381117,54.54619560127569,217.14491653442383,331.9110593341646,276.3813677891606,37.20529863079281,376.9174669096981,-1.0010332728778688,5143.297619047619,-0.11904761904761904,-0.07142857142857142,491.4558576311384,583.456171308245,542.0188450390311,29.832093264261097,253.97471400669642,338.64380002702984,295.14237540358334,28.078945149351064,382.6804950739616,-1.6768734349852978,6374.271428571428,-0.2857142857142857,0.02857142857142857,0.0,0.0,0.0,0.0,0.0,0.0,0.0,0.0,0.0,0.0,0.0,0.0,0.0,0.0,0.0,0.0,0.0,0.0,0.0,0.0,0.0,0.0,0.0,0.0,0.0,0.0,4
55,KZ,424.48312497138977,643.939875125885,531.1759771884385,79.73908093937666,233.20825028419495,469.07128167152405,353.32125235938895,80.74641787093074,332.61441671502155,-1.9898800673054358,1513.5,-0.4375,0.1875,447.92056250572205,688.4325938224792,579.5901098974709,83.13797329277048,203.13400030136108,382.19453167915344,293.83601770792274,62.759235566746085,385.75126073280205,-2.0569224321040798,3123.78125,0.4375,-0.625,511.1789689064026,672.1158127784729,599.1811177387928,53.123216125553306,246.19509434700012,385.18353152275085,317.0709892382616,45.7675014361517,393.57154493407836,0.26108721379581146,4865.59375,-0.125,-0.3125,582.6261999511719,664.9890002441406,625.7109873505211,27.20635149678812,293.8709201049805,366.7598001098633,330.26337646707515,23.15008300191846,450.8309239204549,-2.971162990159088,5833.84,0.12,0.12,0.0,0.0,0.0,0.0,0.0,0.0,0.0,0.0,0.0,0.0,0.0,0.0,0.0,0.0,0.0,0.0,0.0,0.0,0.0,0.0,0.0,0.0,0.0,0.0,0.0,0.0,4
56,ES,394.72914725855776,578.2330943860505,485.2157975537711,65.75831885788104,189.00011484246505,424.7697897660105,310.69472663658206,80.08856631010323,364.67085526390053,-2.3556510687153582,1295.9157894736843,-0.47368421052631576,0.15789473684210525,423.8204634013929,639.667536042866,547.0608253533854,73.06158445788554,184.98786299856084,356.70715741609274,270.1343621710809,58.68710722562175,397.2652066225423,-1.8939687330487223,2722.842105263158,0.3263157894736842,-0.30526315789473685,455.45205380054233,602.1614789759859,535.5882360307418,48.86582691301267,220.2791276485362,342.9129790448128,283.6689929006473,40.60248030562922,414.34030515484886,1.056431336722212,3975.2127659574467,0.0425531914893617,-0.0425531914893617,485.8239169347854,595.0443218776157,542.2250724493964,37.51724175958515,256.09159551348006,339.067227045695,297.44281711181367,27.25094149478057,402.1976098308646,0.15929747720429582,4982.4047619047615,-0.35714285714285715,-0.07142857142857142,0.0,0.0,0.0,0.0,0.0,0.0,0.0,0.0,0.0,0.0,0.0,0.0,0.0,0.0,0.0,0.0,0.0,0.0,0.0,0.0,0.0,0.0,0.0,0.0,0.0,0.0,0
57,BE,437.224649810791,678.3916493733724,555.6341589555079,89.98783367279601,223.38901087443034,485.8736269632975,356.0058987366764,89.33208281449043,297.7667896216636,1.7297378580519363,1601.1333333333334,-0.4666666666666667,-0.13333333333333333,458.5861501057943,698.5141494750976,594.8988470710048,79.95997154485438,194.52879422505697,359.6354436238607,272.53675090056345,55.369858726515055,437.83965328691556,0.08291196511592003,3130.65,0.4,-0.5666666666666667,533.1690998077393,633.9648661295573,588.0173110076961,34.345844890359025,289.130260403951,396.4640769958496,340.27526930444157,35.3086425728598,416.4824056592746,-0.6674451340478094,4579.033333333334,-0.2,-0.43333333333333335,531.1603845449595,636.4015957758977,586.904177577369,34.98983685550222,296.1709729708158,384.326050391564,336.5239705149261,29.203131425834442,405.4317781868631,2.594748607159893,5507.096153846154,-0.11538461538461539,-0.2692307692307692,0.0,0.0,0.0,0.0,0.0,0.0,0.0,0.0,0.0,0.0,0.0,0.0,0.0,0.0,0.0,0.0,0.0,0.0,0.0,0.0,0.0,0.0,0.0,0.0,0.0,0.0,4
58,NO,424.07085467251864,707.9035043889826,568.5741508445923,106.21031108209523,218.97207620794123,500.87206400091,357.62931340483595,98.83733254429139,338.2302341862694,-0.23122895629322218,1543.509090909091,-0.6363636363636364,-0.14545454545454545,466.76611751209606,710.8623127330433,596.7482235493312,79.88561243650973,203.89158512462268,387.0419503645463,294.6235021790171,60.23549198460742,457.02313991572447,-0.17107611597807718,2935.1363636363635,-0.03636363636363636,-0.4727272727272727,497.8143430937321,668.0175683257777,588.5045071868899,56.800720264870925,266.63064071235306,397.25034213284835,332.226802666315,42.635050628177375,412.56443654397464,-1.1972205897679775,4222.5504587155965,-0.22935779816513763,-0.1559633027522936,533.7977957433584,657.7191110727738,596.5319492455191,40.85696267784067,288.81229400634766,385.26256919393734,335.4937365029378,31.374192040830685,404.94108396306495,-0.08023907936147344,5449.408163265306,-0.32653061224489793,-0.16326530612244897,0.0,0.0,0.0,0.0,0.0,0.0,0.0,0.0,0.0,0.0,0.0,0.0,0.0,0.0,0.0,0.0,0.0,0.0,0.0,0.0,0.0,0.0,0.0,0.0,0.0,0.0,0
59,LB,278.73781793767756,474.4811831387606,376.92108380938765,71.98447200372347,136.27318156849253,350.64145452325994,246.10220154077572,75.05717295310443,317.986512525246,1.3730829047896735,1899.4545454545455,-0.6363636363636364,-0.2727272727272727,313.57254513827235,466.85654380104756,395.6170037455764,53.30531317588541,121.13136360862039,257.8596357865767,189.2105470419441,45.5083721749828,336.8277839302669,1.4645163596507316,3487.5454545454545,-0.2727272727272727,-0.6363636363636364,360.4401820789684,428.61881880326706,394.9538472554481,23.426308465019893,212.89118125221947,306.7965448552912,254.47427633145074,32.66681581073502,273.3336828441139,0.7087535924628228,4940.090909090909,-0.6363636363636364,-0.2727272727272727,355.48512506484985,413.22525119781494,389.0994990775579,19.086111064287003,227.6765022277832,283.2044982910156,254.38667389324064,19.322540756266662,289.2927738398014,-2.300971674437927,5394.0,-0.25,0.5,0.0,0.0,0.0,0.0,0.0,0.0,0.0,0.0,0.0,0.0,0.0,0.0,0.0,0.0,0.0,0.0,0.0,0.0,0.0,0.0,0.0,0.0,0.0,0.0,0.0,0.0,4
60,MY,298.2245611999974,487.46798544219047,392.3148525483053,62.8191065136049,139.21345820571437,308.65201903834486,228.9531733923775,57.22030916673269,320.84430921317886,2.304459418349578,953.0151515151515,-0.5757575757575758,0.36363636363636365,345.6264093283451,539.8988187385328,450.10122397793555,67.57239809520972,173.48648799549449,320.43642830126214,257.0151444718072,49.355274600369945,353.7880103816002,1.375723898456107,2290.969696969697,0.2727272727272727,0.3333333333333333,351.94984857963794,507.07369740804035,437.568758768834,52.74313541010713,241.21609473950934,362.48727613506895,310.24763891239184,39.732278976400735,328.1961441899953,3.45917454036012,3800.909090909091,-0.09090909090909091,0.18181818181818182,377.14239376881085,485.0990978303503,439.44386116786916,36.33708853225913,254.56133220234855,348.63356105616833,304.0624806255678,31.03172640474147,308.7332751740416,-3.014565549327902,5055.704918032787,-0.08196721311475409,0.18032786885245902,397.1834001159668,491.47444091796876,446.6579435041546,31.840059470033772,250.68620559692383,333.19556350708007,291.7102462429012,26.975151899578414,321.94806377911306,-6.683361454577408,6273.3,-0.16,-0.28,0.0,0.0,0.0,0.0,0.0,0.0,0.0,0.0,0.0,0.0,0.0,0.0,0.0,5
61,GE,454.8888888888889,550.5555555555555,497.2381633257802,32.3209536646109,223.66666666666666,466.55555555555554,362.3659472899057,79.97430928214212,310.34522001300434,-4.721291809687148,755.5555555555555,-0.5555555555555556,0.5555555555555556,492.55555555555554,772.0,664.0140424169294,92.1398948010664,220.0,428.3333333333333,320.2220164438758,74.77679511173852,424.021320431744,-1.4193117149814436,2596.1111111111113,0.5555555555555556,0.1111111111111111,464.0,736.7777777777778,620.1675573716578,86.04985431037349,251.0,388.55555555555554,320.9173086584287,42.85313316993927,409.7791785695535,-0.8275488944442988,4406.555555555556,0.5555555555555556,-0.3333333333333333,539.4444444444445,621.6666666666666,586.3906443971939,29.43601609505684,329.1111111111111,420.44444444444446,382.11373095205016,31.223449786753847,336.42439633110473,-0.6935802020950923,5680.777777777777,-0.5555555555555556,-0.1111111111111111,593.7777777777778,686.2222222222222,642.399261346303,30.63336846949103,289.55555555555554,384.44444444444446,334.65181785748035,31.757812403207474,465.5301975298771,2.3589437384614325,7299.333333333333,-0.3333333333333333,-0.1111111111111111,0.0,0.0,0.0,0.0,0.0,0.0,0.0,0.0,0.0,0.0,0.0,0.0,0.0,1
62,PE,364.53126325105364,526.5466316624692,446.9536872185988,57.219865823029856,178.18752569901315,377.40605243883635,285.90289390565675,66.65356988720295,320.0664200072168,-2.6499660584065468,1453.6315789473683,-0.5789473684210527,0.47368421052631576,412.35284182899875,590.4734199925473,516.8400451691417,57.737025642170416,168.4677899009303,319.5628943192331,241.41977294002868,49.295396725535355,409.636627462443,-20.84889541878948,2970.2631578947367,0.2631578947368421,0.15789473684210525,437.5561049611945,579.6546839663857,515.719198847316,47.70592076537653,185.5846316688939,309.12768394068667,250.832297970729,40.11305527316728,429.98078798619264,-3.9641075954234815,4585.105263157895,0.3684210526315789,-0.15789473684210525,464.15113321940106,558.0677988688151,512.712291713686,32.688192624648025,176.97566731770834,266.5293345133463,220.45192252409294,29.231245320894164,461.3938330910223,0.034929723572379986,5950.733333333334,-0.06666666666666667,0.06666666666666667,0.0,0.0,0.0,0.0,0.0,0.0,0.0,0.0,0.0,0.0,0.0,0.0,0.0,0.0,0.0,0.0,0.0,0.0,0.0,0.0,0.0,0.0,0.0,0.0,0.0,0.0,4
63,DK,507.70412670726506,760.41201223454,637.4397117769322,94.71769303210955,231.98154213059115,511.0708094852071,370.4062356920428,97.88049623603699,368.18597163242174,-1.5291726283949558,1296.8309859154929,-0.6901408450704225,0.15492957746478872,525.1965913369622,795.2000272509077,673.3326867075068,88.21072984849165,182.01078151649153,384.2610074970084,278.6862953024808,68.62853669068438,547.090926109861,0.12659350562907143,2702.845070422535,0.2676056338028169,-0.5211267605633803,594.2284082761953,772.890127262599,690.467100982086,59.47866046592903,235.7751480962189,384.7894292482188,309.4890032687106,48.20876785714235,542.7386736278157,-1.6422523367137587,4133.87323943662,-0.014084507042253521,-0.38028169014084506,633.0483234629911,742.826956131879,688.5050037740343,36.126710852645466,276.7533597385182,383.9100060182459,326.08682650366603,35.77371091784363,542.4493229734899,0.6452901449459233,5410.661764705882,-0.38235294117647056,-0.17647058823529413,0.0,0.0,0.0,0.0,0.0,0.0,0.0,0.0,0.0,0.0,0.0,0.0,0.0,0.0,0.0,0.0,0.0,0.0,0.0,0.0,0.0,0.0,0.0,0.0,0.0,0.0,0
64,BN,159.42700068155924,254.12133280436197,208.02818423730355,31.294391752051435,118.85933430989583,249.21166483561197,190.21533794756292,46.62866551973309,134.85974516395075,32.12400623477203,526.0,-1.0,0.3333333333333333,170.6363321940104,353.6909993489583,274.5781660692711,67.22569230992816,165.63866678873697,325.47133382161456,259.62469173366907,60.91649673943385,105.2952897767157,-5.690541730145843,1771.6666666666667,0.3333333333333333,-0.3333333333333333,185.3853327433268,369.2503356933594,281.14164460209776,61.81022183255708,147.76067097981772,286.8459981282552,206.342533891652,41.39162736539641,246.42868706971126,-1.2994768925735425,3505.3333333333335,1.0,-0.3333333333333333,270.9403330485026,297.46266682942706,284.9180117293499,8.887229592162331,221.1989949544271,275.5516662597656,248.9864665910309,18.196041652491413,102.83120416038436,2.7861384193482173,4615.333333333333,-1.0,0.3333333333333333,156.03000259399414,261.3635025024414,222.75829779307048,36.605480343839034,144.9355010986328,217.31149291992188,195.02013635635376,22.541740268972344,152.27152388711306,0.280919841924333,5361.0,0.0,0.0,0.0,0.0,0.0,0.0,0.0,0.0,0.0,0.0,0.0,0.0,0.0,0.0,0.0,5
65,BA,401.1533124446869,585.9212508201599,496.48157682989097,68.59130743500387,225.2447862625122,473.25237941741943,356.8467891369645,84.29213411661773,307.310691611001,-8.217482025271796,1622.40625,-0.625,0.1875,427.18084383010864,696.2966251373291,588.3165097315785,88.13662185693863,200.17100524902344,381.05631732940674,285.9738135081766,63.309821907390855,369.0153645142571,-0.9119237951263639,3652.90625,0.75,-0.5,442.3482184410095,636.7700624465942,550.490842752535,64.11234093385683,193.88253569602966,327.6643180847168,265.0541851104796,42.74956941170362,421.6078174075513,0.05166825936968345,5525.0,0.0,-0.25,519.5537002563476,681.7877665201823,607.5835260583893,55.394746636473066,265.0923716227214,389.27283833821616,325.73118164553915,39.528834937609645,461.0137383782283,0.8692236969155951,6587.7,-0.26666666666666666,-0.06666666666666667,0.0,0.0,0.0,0.0,0.0,0.0,0.0,0.0,0.0,0.0,0.0,0.0,0.0,0.0,0.0,0.0,0.0,0.0,0.0,0.0,0.0,0.0,0.0,0.0,0.0,0.0,4
66,MA,360.477286202567,546.4668579101562,449.50393114128957,73.57310903159116,147.85171399797713,349.7201439993722,255.65411198952106,69.98679153819894,343.2531213806243,-18.635878234512152,1644.857142857143,0.14285714285714285,0.42857142857142855,424.8489990234375,580.3290012904575,507.1489008369696,51.162927780336744,124.16800144740513,258.58300236293246,199.6817929254931,45.55671154791063,439.59837932421163,-5.816898792280524,3385.0,0.14285714285714285,0.14285714285714285,406.05557141985213,552.4309997558594,483.1625226075057,54.43452031929145,233.45514242989677,335.8595722743443,288.83856080162343,35.21893905364211,370.2430368162615,-1.3052777765159835,5422.0,-0.42857142857142855,0.7142857142857143,401.4924283708845,615.6132899693081,523.0823988724737,74.6832203781646,182.95328521728516,254.78414372035436,214.23010483486823,23.051950528534952,452.0464804446193,0.41444692633825186,7189.571428571428,0.7142857142857143,-0.7142857142857143,523.9378356933594,616.8983357747396,570.9622652517702,31.397764360794685,207.09116744995117,286.89716720581055,246.1674223704322,25.367859180662197,434.2900267356838,2.002251208949393,9482.833333333334,0.0,0.0,0.0,0.0,0.0,0.0,0.0,0.0,0.0,0.0,0.0,0.0,0.0,0.0,0.0,3
